target_method,graph_coverage,graph_coverage_info
javax.measure.DecimalMeasure.valueOf.80,-1.0,
javax.measure.DecimalMeasure.to.144,-1.0,
javax.measure.converter.MultiplyConverter.concatenate.66,-1.0,
javax.measure.converter.RationalConverter.concatenate.87,-1.0,
javax.measure.unit.Unit.root.434,-1.0,
javax.measure.unit.Unit.pow.450,-1.0,
javax.measure.unit.ProductUnit.getInstance.84,-1.0,
javax.measure.unit.ProductUnit.equals.291,-1.0,
javax.measure.unit.ProductUnit.toStandardUnit.352,-1.0,
javax.measure.unit.ProductUnit.hasOnlyStandardUnit.382,-1.0,
org.jscience.JScience.main.95,1.0,"NodeCoverage [id=5, node[8,IFLE,line 97], decis={node[35,GETSTATIC,line 109],node[9,ALOAD_0,line 98]}, covered=true, coveredBranches={35,9}]
NodeCoverage [id=8, node[14,IFEQ,line 98], decis={node[19,ALOAD_0,line 101],node[15,GETSTATIC,line 99]}, covered=true, coveredBranches={19,15}]
NodeCoverage [id=14, node[24,IFEQ,line 101], decis={node[27,ALOAD_0,line 104],node[25,INVOKESTATIC,line 102]}, covered=true, coveredBranches={25,27}]
NodeCoverage [id=19, node[32,IFEQ,line 104], decis={node[35,GETSTATIC,line 109],node[33,INVOKESTATIC,line 105]}, covered=true, coveredBranches={35,33}]"
org.jscience.JScience.endTime.643,0.875,"NodeCoverage [id=2, node[14,IFLE,line 647], decis={node[20,LLOAD_3,line 650],node[15,LDC_W,line 648]}, covered=true, coveredBranches={15,20}]
NodeCoverage [id=13, node[65,IF_ICMPGE,line 664], decis={node[83,GETSTATIC,line 667],node[66,ALOAD,line 665]}, covered=true, coveredBranches={83,66}]
NodeCoverage [id=22, node[23,IFLE,line 650], decis={node[29,LLOAD_3,line 653],node[24,LDC_W,line 651]}, covered=true, coveredBranches={24,29}]
NodeCoverage [id=25, node[32,IFLE,line 653], decis={node[38,LDC_W,line 657],node[33,LDC_W,line 654]}, covered=true, coveredBranches={38}]"
org.jscience.geography.coordinates.UTM.getOrdinate.290,1.0,"NodeCoverage [id=1, node[1,IFNE,line 290], decis={node[14,ILOAD_1,line 293],node[2,GETSTATIC,line 291]}, covered=true, coveredBranches={14,2}]
NodeCoverage [id=11, node[16,IF_ICMPNE,line 293], decis={node[29,NEW,line 297],node[17,GETSTATIC,line 294]}, covered=true, coveredBranches={17,29}]"
org.jscience.geography.coordinates.UTM.getLatitudeZone.330,0.9285714285714286,"NodeCoverage [id=2, node[2,IFEQ,line 330], decis={node[13,ALOAD_0,line 337],node[3,ALOAD_0,line 331]}, covered=true, coveredBranches={3,13}]
NodeCoverage [id=6, node[8,IFGE,line 331], decis={node[11,BIPUSH,line 334],node[9,BIPUSH,line 332]}, covered=true, coveredBranches={9,11}]
NodeCoverage [id=11, node[15,IFEQ,line 337], decis={node[26,ALOAD_0,line 344],node[16,ALOAD_0,line 338]}, covered=true, coveredBranches={16,26}]
NodeCoverage [id=15, node[21,IFGE,line 338], decis={node[24,BIPUSH,line 341],node[22,BIPUSH,line 339]}, covered=true, coveredBranches={24}]
NodeCoverage [id=21, node[42,IF_ICMPLE,line 346], decis={node[48,ILOAD_2,line 349],node[43,ILOAD_2,line 347]}, covered=true, coveredBranches={48,43}]
NodeCoverage [id=24, node[50,IF_ICMPLE,line 349], decis={node[56,ILOAD_2,line 352],node[51,ILOAD_2,line 350]}, covered=true, coveredBranches={51,56}]
NodeCoverage [id=27, node[58,IF_ICMPLE,line 352], decis={node[61,ILOAD_2,line 355],node[59,BIPUSH,line 353]}, covered=true, coveredBranches={61,59}]"
org.jscience.geography.coordinates.UTM.getLongitudeZone.367,0.6538461538461539,"NodeCoverage [id=4, node[6,IFNE,line 370], decis={node[10,DLOAD_1,line 371],node[7,ALOAD_0,line 370]}, covered=true, coveredBranches={7}]
NodeCoverage [id=7, node[9,IFEQ,line 370], decis={node[18,ALOAD_0,line 378],node[10,DLOAD_1,line 371]}, covered=true, coveredBranches={10,18}]
NodeCoverage [id=9, node[13,IFGE,line 371], decis={node[16,BIPUSH,line 374],node[14,BIPUSH,line 372]}, covered=true, coveredBranches={14,16}]
NodeCoverage [id=15, node[23,IF_ICMPNE,line 380], decis={node[52,ILOAD_3,line 395],node[24,DLOAD_1,line 380]}, covered=true, coveredBranches={52,24}]
NodeCoverage [id=17, node[27,IFLE,line 380], decis={node[52,ILOAD_3,line 395],node[28,DLOAD_1,line 380]}, covered=true, coveredBranches={28,52}]
NodeCoverage [id=19, node[31,IFGE,line 380], decis={node[52,ILOAD_3,line 395],node[32,DLOAD_1,line 382]}, covered=true, coveredBranches={32}]
NodeCoverage [id=21, node[35,IFGE,line 382], decis={node[38,DLOAD_1,line 385],node[36,BIPUSH,line 383]}, covered=true, coveredBranches={38,36}]
NodeCoverage [id=24, node[41,IFGE,line 385], decis={node[44,DLOAD_1,line 388],node[42,BIPUSH,line 386]}, covered=true, coveredBranches={42,44}]
NodeCoverage [id=27, node[47,IFGE,line 388], decis={node[50,BIPUSH,line 391],node[48,BIPUSH,line 389]}, covered=true, coveredBranches={50,48}]
NodeCoverage [id=31, node[54,IF_ICMPNE,line 395], decis={node[71,DLOAD_1,line 404],node[55,DLOAD_1,line 395]}, covered=true, coveredBranches={71}]
NodeCoverage [id=33, node[58,IFLE,line 395], decis={node[71,DLOAD_1,line 404],node[59,DLOAD_1,line 395]}, covered=false, coveredBranches={}]
NodeCoverage [id=35, node[62,IFGE,line 395], decis={node[71,DLOAD_1,line 404],node[63,DLOAD_1,line 397]}, covered=false, coveredBranches={}]
NodeCoverage [id=37, node[66,IFGE,line 397], decis={node[69,BIPUSH,line 400],node[67,BIPUSH,line 398]}, covered=false, coveredBranches={}]"
org.jscience.geography.coordinates.UTM.getCentralMeridian.416,0.875,"NodeCoverage [id=1, node[2,IF_ICMPLT,line 416], decis={node[6,DCONST_0,line 417],node[3,ILOAD_1,line 416]}, covered=true, coveredBranches={6,3}]
NodeCoverage [id=3, node[5,IF_ICMPLE,line 416], decis={node[8,ILOAD_1,line 420],node[6,DCONST_0,line 417]}, covered=true, coveredBranches={6,8}]
NodeCoverage [id=6, node[10,IF_ICMPNE,line 420], decis={node[29,ILOAD_0,line 424],node[11,ILOAD_0,line 420]}, covered=true, coveredBranches={29,11}]
NodeCoverage [id=8, node[13,IF_ICMPLE,line 420], decis={node[29,ILOAD_0,line 424],node[14,ILOAD_0,line 420]}, covered=true, coveredBranches={14,29}]
NodeCoverage [id=10, node[16,IF_ICMPGT,line 420], decis={node[29,ILOAD_0,line 424],node[17,ILOAD_0,line 421]}, covered=true, coveredBranches={17,29}]
NodeCoverage [id=15, node[31,IF_ICMPNE,line 424], decis={node[44,ILOAD_0,line 431],node[32,ILOAD_1,line 425]}, covered=true, coveredBranches={32,44}]
NodeCoverage [id=17, node[34,IF_ICMPNE,line 425], decis={node[38,ILOAD_1,line 427],node[35,LDC2_W,line 426]}, covered=true, coveredBranches={38}]
NodeCoverage [id=22, node[40,IF_ICMPNE,line 427], decis={node[44,ILOAD_0,line 431],node[41,LDC2_W,line 428]}, covered=true, coveredBranches={44}]"
org.jscience.geography.coordinates.UTM.utmToLatLong.579,0.8333333333333334,"NodeCoverage [id=3, node[3,IF_ICMPGE,line 580], decis={node[12,ALOAD_0,line 585],node[4,ALOAD_0,line 582]}, covered=true, coveredBranches={4}]
NodeCoverage [id=11, node[31,IF_ICMPGE,line 592], decis={node[59,DLOAD,line 602],node[32,ALOAD_1,line 593]}, covered=true, coveredBranches={32,59}]
NodeCoverage [id=21, node[51,IFGE,line 596], decis={node[53,DLOAD,line 599],node[52,GOTO,line 597]}, covered=true, coveredBranches={52,53}]"
org.jscience.geography.coordinates.UTM.upsToLatLong.687,0.3888888888888889,"NodeCoverage [id=3, node[3,IF_ICMPLE,line 687], decis={node[6,ICONST_0,line 687],node[4,ICONST_1,line 687]}, covered=true, coveredBranches={6}]
NodeCoverage [id=14, node[27,IFNE,line 693], decis={node[44,ILOAD_2,line 702],node[28,DLOAD_3,line 693]}, covered=true, coveredBranches={44}]
NodeCoverage [id=16, node[31,IFNE,line 693], decis={node[44,ILOAD_2,line 702],node[32,ILOAD_2,line 694]}, covered=false, coveredBranches={}]
NodeCoverage [id=18, node[33,IFEQ,line 694], decis={node[39,LDC2_W,line 697],node[34,LDC2_W,line 695]}, covered=false, coveredBranches={}]
NodeCoverage [id=26, node[45,IFEQ,line 702], decis={node[52,DLOAD,line 705],node[46,DLOAD,line 703]}, covered=true, coveredBranches={52}]
NodeCoverage [id=43, node[159,IFNE,line 724], decis={node[163,DLOAD_3,line 726],node[160,DLOAD_3,line 725]}, covered=true, coveredBranches={163}]
NodeCoverage [id=58, node[229,IFEQ,line 741], decis={node[233,DLOAD,line 744],node[230,DLOAD,line 742]}, covered=true, coveredBranches={233}]
NodeCoverage [id=65, node[166,IFNE,line 726], decis={node[170,DLOAD_3,line 728],node[167,DLOAD,line 727]}, covered=true, coveredBranches={170}]
NodeCoverage [id=68, node[173,IFGE,line 728], decis={node[180,DLOAD_3,line 731],node[174,DLOAD,line 729]}, covered=true, coveredBranches={174}]"
org.jscience.geography.coordinates.XYZ.getOrdinate.228,1.0,"NodeCoverage [id=1, node[1,IFNE,line 228], decis={node[14,ILOAD_1,line 231],node[2,GETSTATIC,line 229]}, covered=true, coveredBranches={14,2}]
NodeCoverage [id=11, node[16,IF_ICMPNE,line 231], decis={node[29,ILOAD_1,line 234],node[17,GETSTATIC,line 232]}, covered=true, coveredBranches={17,29}]
NodeCoverage [id=21, node[31,IF_ICMPNE,line 234], decis={node[44,NEW,line 238],node[32,GETSTATIC,line 235]}, covered=true, coveredBranches={44,32}]"
org.jscience.geography.coordinates.LatLong.valueOf.95,0.5,"NodeCoverage [id=3, node[6,IF_ACMPNE,line 96], decis={node[14,ALOAD,line 99],node[7,ALOAD,line 97]}, covered=true, coveredBranches={14}]
NodeCoverage [id=7, node[16,IF_ACMPNE,line 99], decis={node[28,ALOAD,line 103],node[17,ALOAD,line 100]}, covered=true, coveredBranches={28}]"
org.jscience.geography.coordinates.LatLong.getOrdinate.157,1.0,"NodeCoverage [id=1, node[1,IFNE,line 157], decis={node[14,ILOAD_1,line 160],node[2,GETSTATIC,line 158]}, covered=true, coveredBranches={14,2}]
NodeCoverage [id=11, node[16,IF_ICMPNE,line 160], decis={node[29,NEW,line 164],node[17,GETSTATIC,line 161]}, covered=true, coveredBranches={17,29}]"
org.jscience.geography.coordinates.crs.ProjectedCRS.getAxis.49,-1.0,
org.jscience.geography.coordinates.crs.GeocentricCRS.getAxis.52,-1.0,
org.jscience.geography.coordinates.crs.GeographicCRS.getAxis.49,-1.0,
org.jscience.mathematics.function.Term.getPower.140,0.25,"NodeCoverage [id=2, node[5,IF_ICMPGE,line 140], decis={node[19,ICONST_0,line 144],node[6,ALOAD_0,line 141]}, covered=true, coveredBranches={19}]
NodeCoverage [id=4, node[11,IF_ACMPNE,line 141], decis={node[17,IINC,line 140],node[12,ALOAD_0,line 142]}, covered=false, coveredBranches={}]"
org.jscience.mathematics.function.Term.times.157,0.0,"NodeCoverage [id=8, node[22,IF_ICMPGE,line 162], decis={node[28,ACONST_NULL,line 162],node[23,ALOAD_0,line 162]}, covered=false, coveredBranches={}]
NodeCoverage [id=11, node[32,IF_ICMPGE,line 163], decis={node[38,ACONST_NULL,line 163],node[33,ALOAD_1,line 163]}, covered=false, coveredBranches={}]
NodeCoverage [id=14, node[41,IFNONNULL,line 164], decis={node[68,ALOAD,line 171],node[42,ALOAD,line 165]}, covered=false, coveredBranches={}]
NodeCoverage [id=16, node[43,IFNONNULL,line 165], decis={node[46,ALOAD,line 167],node[44,ALOAD,line 166]}, covered=false, coveredBranches={}]
NodeCoverage [id=20, node[69,IFNONNULL,line 171], decis={node[92,ALOAD,line 176],node[70,ALOAD,line 172]}, covered=false, coveredBranches={}]
NodeCoverage [id=23, node[94,IF_ACMPNE,line 176], decis={node[123,ALOAD,line 182],node[95,ALOAD,line 177]}, covered=false, coveredBranches={}]
NodeCoverage [id=31, node[130,IFGE,line 183], decis={node[153,ILOAD,line 186],node[131,ALOAD,line 184]}, covered=false, coveredBranches={}]
NodeCoverage [id=35, node[154,IFLE,line 186], decis={node[177,NEW,line 190],node[155,ALOAD,line 187]}, covered=false, coveredBranches={}]"
org.jscience.mathematics.function.Term.divide.209,0.0,"NodeCoverage [id=5, node[22,IF_ICMPGE,line 214], decis={node[28,ACONST_NULL,line 214],node[23,ALOAD_0,line 214]}, covered=false, coveredBranches={}]
NodeCoverage [id=8, node[32,IF_ICMPGE,line 215], decis={node[38,ACONST_NULL,line 215],node[33,ALOAD_1,line 215]}, covered=false, coveredBranches={}]
NodeCoverage [id=11, node[41,IFNONNULL,line 216], decis={node[62,ALOAD,line 222],node[42,ALOAD,line 217]}, covered=false, coveredBranches={}]
NodeCoverage [id=13, node[43,IFNONNULL,line 217], decis={node[46,NEW,line 219],node[44,ALOAD,line 218]}, covered=false, coveredBranches={}]
NodeCoverage [id=29, node[63,IFNONNULL,line 222], decis={node[86,ALOAD,line 227],node[64,ALOAD,line 223]}, covered=false, coveredBranches={}]
NodeCoverage [id=32, node[88,IF_ACMPNE,line 227], decis={node[139,ALOAD,line 238],node[89,ALOAD_0,line 228]}, covered=false, coveredBranches={}]
NodeCoverage [id=34, node[102,IFGE,line 229], decis={node[119,ILOAD,line 232],node[103,NEW,line 230]}, covered=false, coveredBranches={}]
NodeCoverage [id=49, node[120,IFLE,line 232], decis={node[20,ILOAD,line 214],node[121,ALOAD,line 233]}, covered=false, coveredBranches={}]
NodeCoverage [id=57, node[146,IFGE,line 239], decis={node[169,ILOAD,line 242],node[147,ALOAD,line 240]}, covered=false, coveredBranches={}]
NodeCoverage [id=60, node[170,IFLE,line 242], decis={node[187,NEW,line 246],node[171,NEW,line 243]}, covered=false, coveredBranches={}]"
org.jscience.mathematics.function.Term.equals.261,0.16666666666666666,"NodeCoverage [id=1, node[2,IF_ACMPNE,line 261], decis={node[5,ALOAD_1,line 263],node[3,ICONST_1,line 262]}, covered=true, coveredBranches={5}]
NodeCoverage [id=4, node[7,IFNE,line 263], decis={node[10,ALOAD_1,line 265],node[8,ICONST_0,line 264]}, covered=true, coveredBranches={8}]
NodeCoverage [id=7, node[17,IF_ICMPEQ,line 266], decis={node[20,ICONST_0,line 268],node[18,ICONST_0,line 267]}, covered=false, coveredBranches={}]
NodeCoverage [id=11, node[25,IF_ICMPGE,line 268], decis={node[49,ICONST_1,line 273],node[26,ALOAD_0,line 269]}, covered=false, coveredBranches={}]
NodeCoverage [id=14, node[35,IFEQ,line 269], decis={node[45,ICONST_0,line 271],node[36,ALOAD_0,line 269]}, covered=false, coveredBranches={}]
NodeCoverage [id=16, node[44,IF_ICMPEQ,line 269], decis={node[47,IINC,line 268],node[45,ICONST_0,line 271]}, covered=false, coveredBranches={}]"
org.jscience.mathematics.function.Term.toText.303,0.0,"NodeCoverage [id=3, node[7,IF_ICMPGE,line 304], decis={node[40,ALOAD_1,line 320],node[8,ALOAD_1,line 305]}, covered=false, coveredBranches={}]
NodeCoverage [id=8, node[22,TABLESWITCH,line 307], decis={node[23,GOTO,line 309],node[24,ALOAD_1,line 311],node[29,ALOAD_1,line 314],node[34,ALOAD_1,line 317]}, covered=false, coveredBranches={}]"
org.jscience.mathematics.function.Term.compareTo.348,0.0,"NodeCoverage [id=4, node[10,IF_ICMPGE,line 349], decis={node[43,ALOAD_1,line 358],node[11,ALOAD_0,line 350]}, covered=false, coveredBranches={}]
NodeCoverage [id=11, node[24,IFEQ,line 352], decis={node[27,ALOAD_1,line 354],node[25,ILOAD,line 353]}, covered=false, coveredBranches={}]
NodeCoverage [id=14, node[38,IFEQ,line 355], decis={node[41,IINC,line 349],node[39,ILOAD,line 356]}, covered=false, coveredBranches={}]"
org.jscience.mathematics.function.Polynomial.getOrder.123,0.75,"NodeCoverage [id=6, node[9,IFEQ,line 124], decis={node[24,ILOAD_2,line 130],node[10,ALOAD_3,line 124]}, covered=true, coveredBranches={10,24}]
NodeCoverage [id=12, node[20,IF_ICMPLE,line 126], decis={node[23,GOTO,line 129],node[21,ILOAD,line 127]}, covered=true, coveredBranches={23}]"
org.jscience.mathematics.function.Polynomial.plus.162,1.0,"NodeCoverage [id=13, node[27,IF_ACMPEQ,line 167], decis={node[76,ALOAD_2,line 183],node[28,ALOAD,line 168]}, covered=true, coveredBranches={76,28}]
NodeCoverage [id=21, node[45,IFNULL,line 171], decis={node[75,GOTO,line 182],node[46,ALOAD,line 171]}, covered=true, coveredBranches={46,75}]
NodeCoverage [id=23, node[47,IFNULL,line 171], decis={node[75,GOTO,line 182],node[48,ALOAD,line 172]}, covered=true, coveredBranches={48,75}]
NodeCoverage [id=28, node[55,IFEQ,line 173], decis={node[69,ALOAD_2,line 179],node[56,ALOAD,line 174]}, covered=true, coveredBranches={69,56}]
NodeCoverage [id=40, node[79,IFNE,line 183], decis={node[83,ALOAD_2,line 184],node[80,ALOAD_3,line 183]}, covered=true, coveredBranches={80,83}]"
org.jscience.mathematics.function.Polynomial.compose.250,0.1,"NodeCoverage [id=6, node[7,IF_ICMPEQ,line 251], decis={node[13,ALOAD_2,line 253],node[8,NEW,line 252]}, covered=true, coveredBranches={8}]
NodeCoverage [id=18, node[27,IFEQ,line 255], decis={node[73,ALOAD,line 267],node[28,ALOAD,line 255]}, covered=false, coveredBranches={}]
NodeCoverage [id=30, node[46,IFLE,line 259], decis={node[64,ALOAD,line 264],node[47,ALOAD_1,line 260]}, covered=false, coveredBranches={}]
NodeCoverage [id=34, node[52,IFNULL,line 261], decis={node[59,ALOAD,line 261],node[53,ALOAD,line 261]}, covered=false, coveredBranches={}]
NodeCoverage [id=44, node[65,IFNULL,line 264], decis={node[70,ALOAD,line 264],node[66,ALOAD,line 264]}, covered=false, coveredBranches={}]"
org.jscience.mathematics.function.Polynomial.differentiate.283,0.125,"NodeCoverage [id=2, node[3,IFLE,line 283], decis={node[57,ALOAD_0,line 298],node[4,ACONST_NULL,line 284]}, covered=true, coveredBranches={57}]
NodeCoverage [id=9, node[13,IFEQ,line 285], decis={node[55,ALOAD_2,line 296],node[14,ALOAD_3,line 285]}, covered=false, coveredBranches={}]
NodeCoverage [id=19, node[31,IFLE,line 289], decis={node[54,GOTO,line 295],node[32,ALOAD,line 290]}, covered=false, coveredBranches={}]
NodeCoverage [id=28, node[47,IFNULL,line 293], decis={node[52,ALOAD,line 293],node[48,ALOAD_2,line 293]}, covered=false, coveredBranches={}]"
org.jscience.mathematics.function.Polynomial.toText.408,0.0,"NodeCoverage [id=12, node[20,IF_ICMPGE,line 412], decis={node[48,ALOAD_2,line 419],node[21,ILOAD_3,line 413]}, covered=false, coveredBranches={}]
NodeCoverage [id=14, node[22,IFEQ,line 413], decis={node[27,ALOAD_2,line 416],node[23,ALOAD_2,line 414]}, covered=false, coveredBranches={}]"
org.jscience.mathematics.number.Real.valueOf.233,0.65,"NodeCoverage [id=2, node[4,IF_ICMPNE,line 233], decis={node[13,ALOAD_0,line 236],node[5,ALOAD_0,line 234]}, covered=true, coveredBranches={13,5}]
NodeCoverage [id=14, node[19,IF_ICMPNE,line 237], decis={node[27,ALOAD_1,line 239],node[20,ALOAD_1,line 237]}, covered=true, coveredBranches={20,27}]
NodeCoverage [id=17, node[24,IFNE,line 237], decis={node[27,ALOAD_1,line 239],node[25,GETSTATIC,line 238]}, covered=true, coveredBranches={27}]
NodeCoverage [id=21, node[30,IFEQ,line 239], decis={node[33,ALOAD_1,line 241],node[31,GETSTATIC,line 240]}, covered=true, coveredBranches={33}]
NodeCoverage [id=26, node[39,IFLT,line 242], decis={node[71,GETSTATIC,line 251],node[40,ALOAD_1,line 243]}, covered=true, coveredBranches={40,71}]
NodeCoverage [id=35, node[57,IF_ACMPNE,line 246], decis={node[63,ALOAD,line 248],node[58,GETSTATIC,line 247]}, covered=true, coveredBranches={63}]
NodeCoverage [id=45, node[81,IFLT,line 253], decis={node[120,ALOAD_1,line 263],node[82,ALOAD_3,line 254]}, covered=true, coveredBranches={120}]
NodeCoverage [id=55, node[102,IFEQ,line 257], decis={node[115,ALOAD_3,line 260],node[103,NEW,line 258]}, covered=false, coveredBranches={}]
NodeCoverage [id=69, node[126,IFLT,line 264], decis={node[174,ALOAD_3,line 277],node[127,ALOAD_1,line 265]}, covered=true, coveredBranches={127,174}]
NodeCoverage [id=81, node[152,IFEQ,line 270], decis={node[159,ALOAD,line 271],node[153,ALOAD,line 270]}, covered=true, coveredBranches={159}]"
org.jscience.mathematics.number.Real.times.480,-1.0,
org.jscience.mathematics.number.Real.toText.639,0.25,"NodeCoverage [id=1, node[2,IF_ACMPNE,line 639], decis={node[6,ALOAD_0,line 641],node[3,LDC,line 640]}, covered=true, coveredBranches={6,3}]
NodeCoverage [id=7, node[8,IFEQ,line 641], decis={node[26,ALOAD_0,line 645],node[9,ALOAD_0,line 642]}, covered=true, coveredBranches={9}]
NodeCoverage [id=9, node[11,IFNE,line 642], decis={node[16,ALOAD_0,line 642],node[12,ALOAD_0,line 642]}, covered=true, coveredBranches={12}]
NodeCoverage [id=25, node[33,IFEQ,line 646], decis={node[43,ALOAD_0,line 646],node[34,ALOAD_0,line 646]}, covered=false, coveredBranches={}]
NodeCoverage [id=36, node[67,IFEQ,line 652], decis={node[73,ALOAD,line 652],node[68,ALOAD,line 652]}, covered=false, coveredBranches={}]
NodeCoverage [id=41, node[78,IF_ICMPLE,line 653], decis={node[119,ALOAD,line 662],node[79,ILOAD_3,line 654]}, covered=false, coveredBranches={}]
NodeCoverage [id=43, node[80,IFGE,line 654], decis={node[95,ALOAD,line 657],node[81,ILOAD_3,line 654]}, covered=false, coveredBranches={}]
NodeCoverage [id=45, node[84,IF_ICMPGE,line 654], decis={node[95,ALOAD,line 657],node[85,ALOAD,line 655]}, covered=false, coveredBranches={}]"
org.jscience.mathematics.number.Real.compareTo.737,0.75,"NodeCoverage [id=4, node[6,IFEQ,line 738], decis={node[9,ALOAD_2,line 740],node[7,ICONST_1,line 739]}, covered=true, coveredBranches={9}]
NodeCoverage [id=8, node[11,IFEQ,line 740], decis={node[14,ICONST_0,line 743],node[12,ICONST_M1,line 741]}, covered=true, coveredBranches={12,14}]"
org.jscience.mathematics.number.Integer64.compareTo.283,1.0,"NodeCoverage [id=1, node[4,IFGE,line 283], decis={node[7,ALOAD_0,line 285],node[5,ICONST_M1,line 284]}, covered=true, coveredBranches={5,7}]
NodeCoverage [id=4, node[11,IFLE,line 285], decis={node[14,ICONST_0,line 288],node[12,ICONST_1,line 286]}, covered=true, coveredBranches={14,12}]"
org.jscience.mathematics.number.Float64.compareTo.381,1.0,"NodeCoverage [id=1, node[4,IFGE,line 381], decis={node[7,ALOAD_0,line 383],node[5,ICONST_M1,line 382]}, covered=true, coveredBranches={5,7}]
NodeCoverage [id=4, node[11,IFLE,line 383], decis={node[14,ALOAD_0,line 386],node[12,ICONST_1,line 384]}, covered=true, coveredBranches={14,12}]
NodeCoverage [id=11, node[24,IFNE,line 388], decis={node[27,LLOAD_3,line 388],node[25,ICONST_0,line 388]}, covered=true, coveredBranches={25,27}]
NodeCoverage [id=15, node[30,IFGE,line 388], decis={node[33,ICONST_1,line 388],node[31,ICONST_M1,line 388]}, covered=true, coveredBranches={33,31}]"
org.jscience.mathematics.number.FloatingPoint.compareTo.541,0.0,"NodeCoverage [id=4, node[6,IFEQ,line 542], decis={node[9,ALOAD_2,line 544],node[7,ICONST_1,line 543]}, covered=false, coveredBranches={}]
NodeCoverage [id=8, node[11,IFEQ,line 544], decis={node[14,ICONST_0,line 547],node[12,ICONST_M1,line 545]}, covered=false, coveredBranches={}]"
org.jscience.mathematics.number.FloatingPoint.normalize.558,0.0,"NodeCoverage [id=4, node[8,IF_ICMPLE,line 560], decis={node[42,ALOAD_0,line 570],node[9,ILOAD_1,line 561]}, covered=false, coveredBranches={}]
NodeCoverage [id=8, node[29,IFLE,line 564], decis={node[32,LLOAD,line 566],node[30,GETSTATIC,line 565]}, covered=false, coveredBranches={}]
NodeCoverage [id=11, node[35,IFGE,line 566], decis={node[38,ALOAD_0,line 568],node[36,GETSTATIC,line 567]}, covered=false, coveredBranches={}]"
org.jscience.mathematics.number.LargeInteger.valueOf.237,0.8888888888888888,"NodeCoverage [id=3, node[16,IFGE,line 238], decis={node[19,ICONST_0,line 238],node[17,ICONST_1,line 238]}, covered=true, coveredBranches={19,17}]
NodeCoverage [id=7, node[36,IF_ICMPLE,line 242], decis={node[92,ALOAD_3,line 253],node[37,ILOAD,line 243]}, covered=true, coveredBranches={37,92}]
NodeCoverage [id=9, node[38,IFEQ,line 243], decis={node[46,ALOAD_0,line 243],node[39,ALOAD_0,line 243]}, covered=true, coveredBranches={46}]
NodeCoverage [id=12, node[56,IF_ICMPGE,line 244], decis={node[68,ALOAD_3,line 247],node[57,ALOAD_3,line 245]}, covered=true, coveredBranches={68,57}]
NodeCoverage [id=18, node[98,IFNE,line 253], decis={node[103,ILOAD,line 257],node[99,IINC,line 254]}, covered=true, coveredBranches={99,103}]
NodeCoverage [id=20, node[101,IFGT,line 254], decis={node[92,ALOAD_3,line 253],node[102,GOTO,line 255]}, covered=true, coveredBranches={92,102}]
NodeCoverage [id=23, node[104,IFEQ,line 257], decis={node[109,ALOAD_3,line 258],node[105,ILOAD,line 257]}, covered=true, coveredBranches={109,105}]
NodeCoverage [id=25, node[106,IFGE,line 257], decis={node[109,ALOAD_3,line 258],node[107,ICONST_0,line 257]}, covered=true, coveredBranches={107}]
NodeCoverage [id=28, node[118,IFEQ,line 262], decis={node[131,ALOAD_3,line 266],node[119,ALOAD_3,line 263]}, covered=true, coveredBranches={119,131}]"
org.jscience.mathematics.number.LargeInteger.toByteArray.284,0.5625,"NodeCoverage [id=3, node[13,IFEQ,line 287], decis={node[104,ALOAD_0,line 307],node[14,ALOAD_0,line 288]}, covered=true, coveredBranches={104}]
NodeCoverage [id=6, node[37,IF_ICMPLE,line 291], decis={node[103,GOTO,line 306],node[38,ILOAD,line 292]}, covered=false, coveredBranches={}]
NodeCoverage [id=8, node[40,IF_ICMPGE,line 292], decis={node[53,LLOAD,line 296],node[41,ALOAD_1,line 293]}, covered=false, coveredBranches={}]
NodeCoverage [id=12, node[61,IF_ICMPGE,line 297], decis={node[69,LLOAD,line 297],node[62,ALOAD_0,line 297]}, covered=false, coveredBranches={}]
NodeCoverage [id=19, node[106,IFEQ,line 307], decis={node[173,ALOAD_1,line 322],node[107,ALOAD_0,line 308]}, covered=true, coveredBranches={107,173}]
NodeCoverage [id=22, node[118,IF_ICMPLE,line 309], decis={node[172,GOTO,line 321],node[119,ILOAD,line 310]}, covered=true, coveredBranches={172,119}]
NodeCoverage [id=24, node[121,IF_ICMPGE,line 310], decis={node[134,LLOAD,line 314],node[122,ALOAD_1,line 311]}, covered=true, coveredBranches={122,134}]
NodeCoverage [id=28, node[142,IF_ICMPGE,line 315], decis={node[148,LCONST_0,line 315],node[143,ALOAD_0,line 315]}, covered=true, coveredBranches={148,143}]"
org.jscience.mathematics.number.LargeInteger.isPowerOfTwo.470,0.5,"NodeCoverage [id=1, node[2,IFNE,line 470], decis={node[5,ALOAD_0,line 472],node[3,ICONST_0,line 471]}, covered=true, coveredBranches={3,5}]
NodeCoverage [id=5, node[14,IF_ICMPGE,line 473], decis={node[26,ALOAD_0,line 477],node[15,ALOAD_0,line 474]}, covered=true, coveredBranches={26}]
NodeCoverage [id=7, node[21,IFEQ,line 474], decis={node[24,IINC,line 473],node[22,ICONST_0,line 475]}, covered=false, coveredBranches={}]
NodeCoverage [id=13, node[42,IFNE,line 478], decis={node[45,ICONST_0,line 478],node[43,ICONST_1,line 478]}, covered=true, coveredBranches={45}]"
org.jscience.mathematics.number.LargeInteger.getLowestSetBit.488,1.0,"NodeCoverage [id=1, node[2,IFNE,line 488], decis={node[5,ICONST_0,line 490],node[3,ICONST_M1,line 489]}, covered=true, coveredBranches={3,5}]
NodeCoverage [id=5, node[15,IFNE,line 492], decis={node[17,ICONST_0,line 494],node[16,GOTO,line 493]}, covered=true, coveredBranches={17,16}]
NodeCoverage [id=9, node[26,IFEQ,line 495], decis={node[33,IINC,line 494],node[27,ILOAD_1,line 496]}, covered=true, coveredBranches={33,27}]"
org.jscience.mathematics.number.LargeInteger.times.617,0.07142857142857142,"NodeCoverage [id=1, node[4,IF_ICMPLE,line 617], decis={node[9,ALOAD_1,line 619],node[5,ALOAD_1,line 618]}, covered=true, coveredBranches={9}]
NodeCoverage [id=6, node[12,IF_ICMPGT,line 619], decis={node[18,ALOAD_1,line 621],node[13,ALOAD_0,line 620]}, covered=true, coveredBranches={13}]
NodeCoverage [id=12, node[21,IF_ICMPGE,line 621], decis={node[56,ALOAD_1,line 627],node[22,GETSTATIC,line 622]}, covered=false, coveredBranches={}]
NodeCoverage [id=18, node[49,IF_ICMPEQ,line 625], decis={node[52,ICONST_0,line 625],node[50,ICONST_1,line 625]}, covered=false, coveredBranches={}]
NodeCoverage [id=23, node[59,IF_ICMPGE,line 627], decis={node[137,ALOAD_1,line 644],node[60,ALOAD_1,line 628]}, covered=false, coveredBranches={}]
NodeCoverage [id=29, node[80,IF_ACMPNE,line 633], decis={node[83,ALOAD_1,line 633],node[81,ALOAD_3,line 633]}, covered=false, coveredBranches={}]
NodeCoverage [id=32, node[89,IF_ACMPNE,line 634], decis={node[92,ALOAD_1,line 634],node[90,ALOAD,line 634]}, covered=false, coveredBranches={}]
NodeCoverage [id=37, node[102,IF_ACMPNE,line 636], decis={node[105,ALOAD,line 636],node[103,ALOAD,line 636]}, covered=false, coveredBranches={}]
NodeCoverage [id=66, node[157,IF_ACMPNE,line 649], decis={node[160,ALOAD_1,line 649],node[158,ALOAD_3,line 649]}, covered=false, coveredBranches={}]
NodeCoverage [id=69, node[166,IF_ACMPNE,line 650], decis={node[169,ALOAD_1,line 650],node[167,ALOAD,line 650]}, covered=false, coveredBranches={}]
NodeCoverage [id=74, node[179,IF_ACMPNE,line 652], decis={node[182,ALOAD,line 652],node[180,ALOAD,line 652]}, covered=false, coveredBranches={}]
NodeCoverage [id=85, node[200,ALOAD,line 658], covered=false, coveredBranches={}]
NodeCoverage [id=90, node[202,ALOAD,line 659], covered=false, coveredBranches={}]
NodeCoverage [id=92, node[204,ALOAD,line 660], covered=false, coveredBranches={}]"
org.jscience.mathematics.number.LargeInteger.low.682,0.0,"NodeCoverage [id=4, node[15,IFLE,line 685], decis={node[32,GETSTATIC,line 691],node[16,ALOAD_0,line 686]}, covered=false, coveredBranches={}]
NodeCoverage [id=6, node[24,IFEQ,line 686], decis={node[30,IINC,line 685],node[25,ALOAD_2,line 687]}, covered=false, coveredBranches={}]"
org.jscience.mathematics.number.LargeInteger.divide.738,0.9,"NodeCoverage [id=1, node[3,IF_ICMPGT,line 738], decis={node[18,ALOAD_0,line 742],node[4,ALOAD_1,line 738]}, covered=true, coveredBranches={18,4}]
NodeCoverage [id=3, node[12,IFNE,line 738], decis={node[18,ALOAD_0,line 742],node[13,ALOAD_0,line 739]}, covered=true, coveredBranches={13,18}]
NodeCoverage [id=17, node[33,IFGT,line 745], decis={node[39,ALOAD,line 749],node[34,GETSTATIC,line 746]}, covered=true, coveredBranches={34,39}]
NodeCoverage [id=22, node[143,IF_ICMPEQ,line 773], decis={node[149,ICONST_0,line 773],node[144,ALOAD_2,line 773]}, covered=true, coveredBranches={149,144}]
NodeCoverage [id=24, node[146,IFEQ,line 773], decis={node[149,ICONST_0,line 773],node[147,ICONST_1,line 773]}, covered=true, coveredBranches={149,147}]
NodeCoverage [id=27, node[154,IFEQ,line 775], decis={node[158,ALOAD_3,line 775],node[155,ALOAD_3,line 775]}, covered=true, coveredBranches={158,155}]
NodeCoverage [id=47, node[63,IFLT,line 755], decis={node[94,ALOAD_3,line 761],node[64,ALOAD_3,line 756]}, covered=true, coveredBranches={64,94}]
NodeCoverage [id=54, node[75,IFLT,line 758], decis={node[126,GETSTATIC,line 770],node[76,NEW,line 759]}, covered=true, coveredBranches={126}]
NodeCoverage [id=72, node[96,IFEQ,line 761], decis={node[126,GETSTATIC,line 770],node[97,ALOAD_3,line 762]}, covered=true, coveredBranches={126,97}]
NodeCoverage [id=79, node[107,IFEQ,line 764], decis={node[126,GETSTATIC,line 770],node[108,NEW,line 765]}, covered=true, coveredBranches={126}]"
org.jscience.mathematics.number.LargeInteger.sqrt.857,0.06944444444444445,"NodeCoverage [id=2, node[2,IFEQ,line 857], decis={node[8,ALOAD_0,line 858],node[3,NEW,line 857]}, covered=true, coveredBranches={8,3}]
NodeCoverage [id=8, node[11,IFEQ,line 858], decis={node[14,ALOAD_0,line 859],node[12,GETSTATIC,line 858]}, covered=true, coveredBranches={12,14}]
NodeCoverage [id=12, node[17,IFEQ,line 859], decis={node[20,ALOAD_0,line 860],node[18,GETSTATIC,line 859]}, covered=true, coveredBranches={18}]
NodeCoverage [id=19, node[25,ALOAD_0,line 864], covered=false, coveredBranches={}]
NodeCoverage [id=23, node[26,ILOAD_1,line 864], covered=false, coveredBranches={}]
NodeCoverage [id=24, node[27,ICONST_1,line 864], covered=false, coveredBranches={}]
NodeCoverage [id=25, node[28,ISHR,line 864], covered=false, coveredBranches={}]
NodeCoverage [id=26, node[29,ILOAD_1,line 864], covered=false, coveredBranches={}]
NodeCoverage [id=27, node[30,ICONST_1,line 864], covered=false, coveredBranches={}]
NodeCoverage [id=28, node[31,IAND,line 864], covered=false, coveredBranches={}]
NodeCoverage [id=29, node[32,IADD,line 864], covered=false, coveredBranches={}]
NodeCoverage [id=30, node[33,INEG,line 864], covered=false, coveredBranches={}]
NodeCoverage [id=32, node[35,ASTORE_2,line 864], covered=false, coveredBranches={}]
NodeCoverage [id=33, node[36,ALOAD_2,line 866], covered=false, coveredBranches={}]
NodeCoverage [id=34, node[37,ALOAD_0,line 866], covered=false, coveredBranches={}]
NodeCoverage [id=35, node[38,ALOAD_2,line 866], covered=false, coveredBranches={}]
NodeCoverage [id=38, node[41,ICONST_M1,line 866], covered=false, coveredBranches={}]
NodeCoverage [id=40, node[43,ASTORE_3,line 866], covered=false, coveredBranches={}]
NodeCoverage [id=41, node[44,ALOAD_3,line 867], covered=false, coveredBranches={}]
NodeCoverage [id=42, node[45,ALOAD_2,line 867], covered=false, coveredBranches={}]
NodeCoverage [id=44, node[47,GETSTATIC,line 867], covered=false, coveredBranches={}]
NodeCoverage [id=46, node[49,IFNE,line 867], decis={node[68,ALOAD_3,line 873],node[50,ALOAD_0,line 868],node[71,ASTORE,line 876]}, covered=false, coveredBranches={}]
NodeCoverage [id=47, node[50,ALOAD_0,line 868], covered=false, coveredBranches={}]
NodeCoverage [id=48, node[51,ALOAD_3,line 868], covered=false, coveredBranches={}]
NodeCoverage [id=50, node[53,ALOAD_3,line 868], covered=false, coveredBranches={}]
NodeCoverage [id=52, node[55,IFEQ,line 868], decis={node[60,ALOAD_3,line 871],node[56,ALOAD_3,line 869],node[71,ASTORE,line 876]}, covered=false, coveredBranches={}]
NodeCoverage [id=53, node[56,ALOAD_3,line 869], covered=false, coveredBranches={}]
NodeCoverage [id=54, node[57,GETSTATIC,line 869], covered=false, coveredBranches={}]
NodeCoverage [id=56, node[59,ASTORE_3,line 869], covered=false, coveredBranches={}]
NodeCoverage [id=57, node[60,ALOAD_3,line 871], covered=false, coveredBranches={}]
NodeCoverage [id=59, node[62,CHECKCAST,line 871], covered=false, coveredBranches={}]
NodeCoverage [id=60, node[63,ASTORE,line 871], covered=false, coveredBranches={}]
NodeCoverage [id=63, node[68,ALOAD_3,line 873], covered=false, coveredBranches={}]
NodeCoverage [id=64, node[69,ASTORE_2,line 873], covered=false, coveredBranches={}]
NodeCoverage [id=65, node[70,GOTO,line 874], covered=false, coveredBranches={}]"
org.jscience.mathematics.number.LargeInteger.modPow.951,0.5671641791044776,"NodeCoverage [id=2, node[2,IFNE,line 951], decis={node[8,ALOAD_1,line 953],node[3,NEW,line 952]}, covered=true, coveredBranches={3,8}]
NodeCoverage [id=8, node[10,IFEQ,line 953], decis={node[60,ALOAD_1,line 970],node[11,INVOKESTATIC,line 954]}, covered=true, coveredBranches={11,60}]
NodeCoverage [id=11, node[13,ACONST_NULL,line 956], covered=true, coveredBranches={14}]
NodeCoverage [id=15, node[14,ASTORE_3,line 956], covered=true, coveredBranches={15}]
NodeCoverage [id=16, node[15,ALOAD_0,line 957], covered=true, coveredBranches={16}]
NodeCoverage [id=17, node[16,ALOAD_2,line 957], covered=true, coveredBranches={17}]
NodeCoverage [id=19, node[18,ASTORE,line 957], covered=true, coveredBranches={19}]
NodeCoverage [id=20, node[19,ALOAD_1,line 958], covered=true, coveredBranches={20}]
NodeCoverage [id=21, node[20,GETSTATIC,line 958], covered=true, coveredBranches={21}]
NodeCoverage [id=23, node[22,IFLT,line 958], decis={node[47,ALOAD_3,line 966],node[23,ALOAD_1,line 959],node[55,ASTORE,line 968]}, covered=true, coveredBranches={47,23}]
NodeCoverage [id=24, node[23,ALOAD_1,line 959], covered=true, coveredBranches={24}]
NodeCoverage [id=26, node[25,IFEQ,line 959], decis={node[36,ALOAD,line 963],node[26,ALOAD_3,line 960],node[55,ASTORE,line 968]}, covered=true, coveredBranches={26,36}]
NodeCoverage [id=27, node[26,ALOAD_3,line 960], covered=true, coveredBranches={27}]
NodeCoverage [id=28, node[27,IFNONNULL,line 960], decis={node[30,ALOAD_3,line 960],node[28,ALOAD,line 960],node[55,ASTORE,line 968]}, covered=true, coveredBranches={28,30}]
NodeCoverage [id=29, node[28,ALOAD,line 960], covered=true, coveredBranches={29}]
NodeCoverage [id=30, node[29,GOTO,line 960], covered=true, coveredBranches={35}]
NodeCoverage [id=31, node[35,ASTORE_3,line 961], covered=true, coveredBranches={36}]
NodeCoverage [id=32, node[36,ALOAD,line 963], covered=true, coveredBranches={37}]
NodeCoverage [id=33, node[37,ALOAD,line 963], covered=true, coveredBranches={38}]
NodeCoverage [id=35, node[39,ALOAD_2,line 963], covered=true, coveredBranches={40}]
NodeCoverage [id=37, node[41,ASTORE,line 963], covered=true, coveredBranches={42}]
NodeCoverage [id=38, node[42,ALOAD_1,line 964], covered=true, coveredBranches={43}]
NodeCoverage [id=39, node[43,ICONST_1,line 964], covered=true, coveredBranches={44}]
NodeCoverage [id=41, node[45,ASTORE_1,line 964], covered=true, coveredBranches={46}]
NodeCoverage [id=42, node[46,GOTO,line 964], covered=true, coveredBranches={19}]
NodeCoverage [id=43, node[30,ALOAD_3,line 960], covered=true, coveredBranches={31}]
NodeCoverage [id=44, node[31,ALOAD,line 960], covered=true, coveredBranches={32}]
NodeCoverage [id=46, node[33,ALOAD_2,line 960], covered=true, coveredBranches={34}]
NodeCoverage [id=48, node[47,ALOAD_3,line 966], covered=true, coveredBranches={48}]
NodeCoverage [id=50, node[49,CHECKCAST,line 966], covered=true, coveredBranches={50}]
NodeCoverage [id=51, node[50,ASTORE,line 966], covered=true, coveredBranches={51}]
NodeCoverage [id=56, node[62,IFEQ,line 970], decis={node[71,GETSTATIC,line 973],node[63,ALOAD_0,line 971]}, covered=true, coveredBranches={71,63}]"
org.jscience.mathematics.number.LargeInteger.times10pow.1139,1.0,"NodeCoverage [id=1, node[2,IFNE,line 1139], decis={node[5,ILOAD_1,line 1141],node[3,GETSTATIC,line 1140]}, covered=true, coveredBranches={3,5}]
NodeCoverage [id=4, node[6,IFLT,line 1141], decis={node[116,ILOAD_1,line 1160],node[7,ILOAD_1,line 1142]}, covered=true, coveredBranches={116,7}]
NodeCoverage [id=8, node[32,IF_ICMPLT,line 1145], decis={node[38,ILOAD_1,line 1145],node[33,GETSTATIC,line 1145]}, covered=true, coveredBranches={33,38}]
NodeCoverage [id=14, node[57,IFEQ,line 1148], decis={node[86,ILOAD_1,line 1154],node[58,ILOAD,line 1149]}, covered=true, coveredBranches={86,58}]
NodeCoverage [id=16, node[61,IF_ICMPLT,line 1149], decis={node[67,ILOAD,line 1149],node[62,GETSTATIC,line 1149]}, covered=true, coveredBranches={62,67}]
NodeCoverage [id=23, node[88,IF_ICMPGE,line 1154], decis={node[91,ILOAD_1,line 1154],node[89,ICONST_0,line 1154]}, covered=true, coveredBranches={91,89}]
NodeCoverage [id=31, node[121,IF_ICMPGE,line 1162], decis={node[124,ILOAD_1,line 1162],node[122,ICONST_0,line 1162]}, covered=true, coveredBranches={124,122}]
NodeCoverage [id=34, node[139,IF_ICMPGT,line 1164], decis={node[142,GETSTATIC,line 1166],node[140,GETSTATIC,line 1165]}, covered=true, coveredBranches={142,140}]
NodeCoverage [id=42, node[164,IFEQ,line 1169], decis={node[211,ALOAD,line 1177],node[165,ILOAD,line 1170]}, covered=true, coveredBranches={165,211}]
NodeCoverage [id=44, node[168,IF_ICMPLT,line 1170], decis={node[174,ILOAD,line 1170],node[169,GETSTATIC,line 1170]}, covered=true, coveredBranches={169,174}]
NodeCoverage [id=49, node[189,IFLE,line 1172], decis={node[206,ILOAD,line 1175],node[190,ALOAD,line 1172]}, covered=true, coveredBranches={190,206}]
NodeCoverage [id=51, node[199,IFNE,line 1172], decis={node[206,ILOAD,line 1175],node[200,ALOAD,line 1173]}, covered=true, coveredBranches={200,206}]
NodeCoverage [id=56, node[214,IFEQ,line 1177], decis={node[220,ICONST_0,line 1177],node[215,ALOAD,line 1177]}, covered=true, coveredBranches={215,220}]
NodeCoverage [id=58, node[217,IFEQ,line 1177], decis={node[220,ICONST_0,line 1177],node[218,ICONST_1,line 1177]}, covered=true, coveredBranches={220,218}]"
org.jscience.mathematics.number.LargeInteger.parse.1378,0.6333333333333333,"NodeCoverage [id=5, node[10,IFNE,line 1380], decis={node[16,ICONST_1,line 1380],node[11,ALOAD_2,line 1380]}, covered=true, coveredBranches={11,16}]
NodeCoverage [id=8, node[15,IFEQ,line 1380], decis={node[18,ICONST_0,line 1380],node[16,ICONST_1,line 1380]}, covered=true, coveredBranches={18}]
NodeCoverage [id=12, node[25,IF_ICMPGT,line 1382], decis={node[28,ILOAD_1,line 1382],node[26,BIPUSH,line 1382]}, covered=true, coveredBranches={26,28}]
NodeCoverage [id=25, node[56,IFNONNULL,line 1388], decis={node[61,ALOAD,line 1391],node[57,LLOAD,line 1389]}, covered=true, coveredBranches={57}]
NodeCoverage [id=32, node[121,IF_ICMPNE,line 1403], decis={node[123,ALOAD_0,line 1405],node[122,GOTO,line 1404]}, covered=true, coveredBranches={123,122}]
NodeCoverage [id=37, node[172,IFEQ,line 1413], decis={node[176,ALOAD,line 1413],node[173,ALOAD,line 1413]}, covered=true, coveredBranches={176}]
NodeCoverage [id=47, node[130,IF_ICMPGT,line 1406], decis={node[135,ILOAD,line 1406],node[131,ILOAD,line 1406]}, covered=true, coveredBranches={131,135}]
NodeCoverage [id=50, node[162,IFLT,line 1409], decis={node[168,ALOAD_2,line 1412],node[163,ILOAD,line 1409]}, covered=true, coveredBranches={168}]
NodeCoverage [id=52, node[165,IF_ICMPLT,line 1409], decis={node[167,GOTO,line 1411],node[166,GOTO,line 1410]}, covered=false, coveredBranches={}]
NodeCoverage [id=56, node[137,IF_ICMPGT,line 1406], decis={node[147,ILOAD,line 1406],node[138,ILOAD,line 1406]}, covered=true, coveredBranches={138,147}]
NodeCoverage [id=58, node[140,IF_ICMPLT,line 1406], decis={node[147,ILOAD,line 1406],node[141,ILOAD,line 1406]}, covered=true, coveredBranches={147}]
NodeCoverage [id=61, node[149,IF_ICMPGT,line 1406], decis={node[159,ICONST_M1,line 1406],node[150,ILOAD,line 1406]}, covered=true, coveredBranches={150}]
NodeCoverage [id=63, node[152,IF_ICMPLT,line 1406], decis={node[159,ICONST_M1,line 1406],node[153,ILOAD,line 1406]}, covered=true, coveredBranches={159}]
NodeCoverage [id=67, node[68,IF_ICMPGE,line 1391], decis={node[96,ILOAD_1,line 1398],node[69,GETSTATIC,line 1392]}, covered=false, coveredBranches={}]
NodeCoverage [id=81, node[30,IF_ICMPGT,line 1382], decis={node[33,BIPUSH,line 1382],node[31,BIPUSH,line 1382]}, covered=true, coveredBranches={31,33}]"
org.jscience.mathematics.number.Rational.normalize.413,0.16666666666666666,"NodeCoverage [id=2, node[3,IFNE,line 413], decis={node[45,NEW,line 427],node[4,ALOAD_0,line 414]}, covered=true, coveredBranches={45}]
NodeCoverage [id=5, node[7,IFEQ,line 414], decis={node[32,ALOAD_0,line 422],node[8,ALOAD_0,line 415]}, covered=false, coveredBranches={}]
NodeCoverage [id=10, node[17,IFNE,line 416], decis={node[30,ALOAD_0,line 420],node[18,ALOAD_0,line 417]}, covered=false, coveredBranches={}]"
org.jscience.mathematics.vector.Float64Matrix.valueOf.63,1.0,"NodeCoverage [id=4, node[16,IF_ICMPGE,line 66], decis={node[37,ALOAD_3,line 72],node[17,ALOAD_0,line 67]}, covered=true, coveredBranches={17,37}]
NodeCoverage [id=10, node[25,IF_ICMPEQ,line 68], decis={node[30,ALOAD_3,line 70],node[26,NEW,line 69]}, covered=true, coveredBranches={26,30}]"
org.jscience.mathematics.vector.Float64Matrix.valueOf.84,1.0,"NodeCoverage [id=6, node[16,IF_ICMPGE,line 86], decis={node[37,ALOAD_2,line 93],node[17,ALOAD_0,line 87]}, covered=true, coveredBranches={17,37}]
NodeCoverage [id=10, node[24,IF_ICMPEQ,line 88], decis={node[30,ALOAD_2,line 91],node[25,NEW,line 89]}, covered=true, coveredBranches={25,30}]"
org.jscience.mathematics.vector.Float64Matrix.valueOf.105,1.0,"NodeCoverage [id=12, node[20,IF_ICMPGE,line 108], decis={node[41,ALOAD_2,line 115],node[21,ALOAD_3,line 109]}, covered=true, coveredBranches={41,21}]
NodeCoverage [id=18, node[28,IF_ICMPEQ,line 110], decis={node[34,ALOAD_2,line 113],node[29,NEW,line 111]}, covered=true, coveredBranches={29,34}]"
org.jscience.mathematics.vector.Float64Matrix.cofactor.360,1.0,"NodeCoverage [id=1, node[2,IFEQ,line 360], decis={node[9,ALOAD_0,line 365],node[3,ILOAD_1,line 361]}, covered=true, coveredBranches={3,9}]
NodeCoverage [id=9, node[24,IF_ICMPGE,line 367], decis={node[70,ALOAD,line 379],node[25,ILOAD,line 368]}, covered=true, coveredBranches={70,25}]
NodeCoverage [id=11, node[27,IF_ICMPNE,line 368], decis={node[29,ALOAD_0,line 370],node[28,GOTO,line 369]}, covered=true, coveredBranches={29,28}]
NodeCoverage [id=22, node[53,IF_ICMPGE,line 373], decis={node[68,IINC,line 367],node[54,ILOAD,line 374]}, covered=true, coveredBranches={54,68}]
NodeCoverage [id=24, node[56,IF_ICMPNE,line 374], decis={node[58,ALOAD,line 376],node[57,GOTO,line 375]}, covered=true, coveredBranches={58,57}]"
org.jscience.mathematics.vector.SparseVector.valueOf.145,1.0,"NodeCoverage [id=1, node[2,IFEQ,line 145], decis={node[9,ALOAD_0,line 147],node[3,ALOAD_0,line 146]}, covered=true, coveredBranches={9,3}]
NodeCoverage [id=11, node[20,IF_ICMPGE,line 149], decis={node[39,ALOAD,line 155],node[21,ALOAD_0,line 150]}, covered=true, coveredBranches={21,39}]
NodeCoverage [id=16, node[29,IFNE,line 151], decis={node[37,IINC,line 149],node[30,ALOAD,line 152]}, covered=true, coveredBranches={30,37}]"
org.jscience.mathematics.vector.SparseVector.valueOf.159,1.0,"NodeCoverage [id=10, node[18,IF_ACMPEQ,line 161], decis={node[34,ALOAD_3,line 166],node[19,ALOAD_2,line 162]}, covered=true, coveredBranches={19,34}]
NodeCoverage [id=15, node[24,IFNE,line 162], decis={node[13,ALOAD,line 161],node[25,ALOAD_3,line 163]}, covered=true, coveredBranches={13,25}]"
org.jscience.mathematics.vector.SparseVector.plus.209,1.0,"NodeCoverage [id=1, node[4,IF_ICMPEQ,line 209], decis={node[9,ALOAD_0,line 210],node[5,NEW,line 209]}, covered=true, coveredBranches={5,9}]
NodeCoverage [id=17, node[33,IF_ACMPEQ,line 213], decis={node[63,ALOAD_2,line 222],node[34,ALOAD_3,line 214]}, covered=true, coveredBranches={63,34}]
NodeCoverage [id=23, node[44,IFNONNULL,line 216], decis={node[53,ALOAD,line 219],node[45,ALOAD_2,line 217]}, covered=true, coveredBranches={45,53}]"
org.jscience.mathematics.vector.LUDecomposition.construct.121,0.95,"NodeCoverage [id=1, node[3,IFEQ,line 121], decis={node[8,ALOAD_1,line 121],node[4,ALOAD_1,line 121]}, covered=true, coveredBranches={4,8}]
NodeCoverage [id=9, node[19,IF_ICMPGE,line 124], decis={node[28,INVOKESTATIC,line 129],node[20,ALOAD_0,line 125]}, covered=true, coveredBranches={28,20}]
NodeCoverage [id=17, node[38,IF_ICMPGE,line 131], decis={node[193,RETURN,line 168],node[39,ALOAD_2,line 133]}, covered=true, coveredBranches={193,39}]
NodeCoverage [id=19, node[40,IFNULL,line 133], decis={node[128,ALOAD_0,line 157],node[41,ILOAD,line 137]}, covered=true, coveredBranches={41}]
NodeCoverage [id=22, node[49,IF_ICMPGE,line 138], decis={node[67,ILOAD,line 143],node[50,ALOAD_2,line 139]}, covered=true, coveredBranches={67,50}]
NodeCoverage [id=28, node[62,IFLE,line 139], decis={node[65,IINC,line 138],node[63,ILOAD,line 140]}, covered=true, coveredBranches={63,65}]
NodeCoverage [id=32, node[69,IF_ICMPEQ,line 143], decis={node[128,ALOAD_0,line 157],node[70,ICONST_0,line 144]}, covered=true, coveredBranches={128,70}]
NodeCoverage [id=35, node[74,IF_ICMPGE,line 144], decis={node[99,ALOAD_0,line 149],node[75,ALOAD_0,line 145]}, covered=true, coveredBranches={99,75}]
NodeCoverage [id=60, node[142,IF_ICMPGE,line 158], decis={node[191,IINC,line 131],node[143,ALOAD_0,line 161]}, covered=true, coveredBranches={191,143}]
NodeCoverage [id=69, node[162,IF_ICMPGE,line 162], decis={node[189,IINC,line 158],node[163,ALOAD_0,line 163]}, covered=true, coveredBranches={163,189}]"
org.jscience.mathematics.vector.SparseMatrix.valueOf.107,1.0,"NodeCoverage [id=4, node[22,IF_ICMPGE,line 110], decis={node[53,ALOAD_3,line 120],node[23,ALOAD_0,line 111]}, covered=true, coveredBranches={53,23}]
NodeCoverage [id=6, node[30,IF_ICMPEQ,line 112], decis={node[36,ALOAD_2,line 115],node[31,NEW,line 113]}, covered=true, coveredBranches={36,31}]
NodeCoverage [id=12, node[40,IFNE,line 115], decis={node[46,ALOAD_3,line 118],node[41,NEW,line 116]}, covered=true, coveredBranches={41,46}]"
org.jscience.mathematics.vector.SparseMatrix.valueOf.133,0.8333333333333334,"NodeCoverage [id=12, node[27,IF_ICMPGE,line 137], decis={node[58,ALOAD_3,line 147],node[28,ALOAD,line 138]}, covered=true, coveredBranches={58,28}]
NodeCoverage [id=18, node[35,IF_ICMPEQ,line 139], decis={node[41,ALOAD_2,line 142],node[36,NEW,line 140]}, covered=true, coveredBranches={41}]
NodeCoverage [id=24, node[45,IFNE,line 142], decis={node[51,ALOAD_3,line 145],node[46,NEW,line 143]}, covered=true, coveredBranches={46,51}]"
org.jscience.mathematics.vector.SparseMatrix.getRow.213,0.7,"NodeCoverage [id=1, node[2,IFNE,line 213], decis={node[9,ALOAD_0,line 216],node[3,ALOAD_0,line 214]}, covered=true, coveredBranches={9,3}]
NodeCoverage [id=8, node[17,IFLT,line 218], decis={node[21,NEW,line 219],node[18,ILOAD_1,line 218]}, covered=true, coveredBranches={21,18}]
NodeCoverage [id=10, node[20,IF_ICMPLT,line 218], decis={node[25,ILOAD_2,line 220],node[21,NEW,line 219]}, covered=true, coveredBranches={21,25}]
NodeCoverage [id=18, node[34,IF_ICMPGE,line 221], decis={node[59,ALOAD,line 228],node[35,ALOAD_0,line 222]}, covered=true, coveredBranches={59}]
NodeCoverage [id=25, node[49,IFNULL,line 224], decis={node[57,IINC,line 221],node[50,ALOAD,line 225]}, covered=false, coveredBranches={}]"
org.jscience.mathematics.vector.SparseMatrix.getColumn.233,0.7,"NodeCoverage [id=1, node[2,IFEQ,line 233], decis={node[9,ALOAD_0,line 235],node[3,ALOAD_0,line 234]}, covered=true, coveredBranches={3,9}]
NodeCoverage [id=8, node[14,IFLT,line 236], decis={node[19,NEW,line 237],node[15,ILOAD_1,line 236]}, covered=true, coveredBranches={15,19}]
NodeCoverage [id=10, node[18,IF_ICMPLT,line 236], decis={node[23,ALOAD_0,line 238],node[19,NEW,line 237]}, covered=true, coveredBranches={23,19}]
NodeCoverage [id=18, node[33,IF_ICMPGE,line 239], decis={node[58,ALOAD_3,line 246],node[34,ALOAD_0,line 240]}, covered=true, coveredBranches={58}]
NodeCoverage [id=25, node[48,IFNULL,line 242], decis={node[56,IINC,line 239],node[49,ALOAD_3,line 243]}, covered=false, coveredBranches={}]"
org.jscience.mathematics.vector.SparseMatrix.getDiagonal.251,0.75,"NodeCoverage [id=10, node[20,IF_ICMPGE,line 255], decis={node[45,ALOAD,line 262],node[21,ALOAD_0,line 256]}, covered=true, coveredBranches={21,45}]
NodeCoverage [id=17, node[35,IFNULL,line 258], decis={node[43,IINC,line 255],node[36,ALOAD,line 259]}, covered=true, coveredBranches={43}]"
org.jscience.mathematics.vector.SparseMatrix.times.302,1.0,"NodeCoverage [id=4, node[4,IF_ICMPEQ,line 302], decis={node[9,ALOAD_0,line 304],node[5,NEW,line 303]}, covered=true, coveredBranches={5,9}]
NodeCoverage [id=14, node[21,IF_ICMPGE,line 306], decis={node[42,ALOAD_3,line 312],node[22,ALOAD_0,line 307]}, covered=true, coveredBranches={22,42}]
NodeCoverage [id=21, node[32,IFNE,line 308], decis={node[40,IINC,line 306],node[33,ALOAD_3,line 309]}, covered=true, coveredBranches={33,40}]"
org.jscience.mathematics.vector.SparseMatrix.determinant.368,0.5833333333333334,"NodeCoverage [id=2, node[2,IFNE,line 368], decis={node[8,ALOAD_0,line 370],node[3,NEW,line 369]}, covered=true, coveredBranches={3,8}]
NodeCoverage [id=7, node[11,IF_ICMPNE,line 370], decis={node[17,ALOAD_0,line 374],node[12,ALOAD_0,line 371]}, covered=true, coveredBranches={12,17}]
NodeCoverage [id=21, node[36,IF_ACMPEQ,line 377], decis={node[70,ALOAD_2,line 385],node[37,ALOAD_3,line 378]}, covered=true, coveredBranches={37,70}]
NodeCoverage [id=32, node[55,IFEQ,line 380], decis={node[60,ALOAD_2,line 383],node[56,ALOAD,line 381]}, covered=false, coveredBranches={}]
NodeCoverage [id=37, node[61,IFNONNULL,line 383], decis={node[64,ALOAD_2,line 383],node[62,ALOAD,line 383]}, covered=false, coveredBranches={}]
NodeCoverage [id=44, node[71,IFNONNULL,line 385], decis={node[75,ALOAD_2,line 385],node[72,ALOAD_0,line 385]}, covered=true, coveredBranches={72}]"
org.jscience.mathematics.vector.SparseMatrix.cofactor.402,0.25,"NodeCoverage [id=1, node[2,IFEQ,line 402], decis={node[9,ALOAD_0,line 407],node[3,ILOAD_1,line 403]}, covered=true, coveredBranches={3,9}]
NodeCoverage [id=9, node[26,IF_ICMPGE,line 409], decis={node[97,ALOAD,line 425],node[27,ILOAD,line 410]}, covered=true, coveredBranches={97}]
NodeCoverage [id=11, node[29,IF_ICMPNE,line 410], decis={node[31,ALOAD_0,line 412],node[30,GOTO,line 411]}, covered=false, coveredBranches={}]
NodeCoverage [id=28, node[63,IF_ACMPEQ,line 416], decis={node[95,IINC,line 409],node[64,ALOAD,line 417]}, covered=false, coveredBranches={}]
NodeCoverage [id=34, node[71,IF_ICMPGE,line 418], decis={node[81,ILOAD,line 420],node[72,ALOAD,line 419]}, covered=false, coveredBranches={}]
NodeCoverage [id=43, node[83,IF_ICMPLE,line 420], decis={node[94,GOTO,line 423],node[84,ALOAD,line 421]}, covered=false, coveredBranches={}]"
org.jscience.mathematics.vector.ComplexMatrix.valueOf.62,1.0,"NodeCoverage [id=4, node[16,IF_ICMPGE,line 65], decis={node[37,ALOAD_3,line 71],node[17,ALOAD_0,line 66]}, covered=true, coveredBranches={37,17}]
NodeCoverage [id=10, node[25,IF_ICMPEQ,line 67], decis={node[30,ALOAD_3,line 69],node[26,NEW,line 68]}, covered=true, coveredBranches={30,26}]"
org.jscience.mathematics.vector.ComplexMatrix.valueOf.83,1.0,"NodeCoverage [id=6, node[16,IF_ICMPGE,line 85], decis={node[37,ALOAD_2,line 92],node[17,ALOAD_0,line 86]}, covered=true, coveredBranches={17,37}]
NodeCoverage [id=10, node[24,IF_ICMPEQ,line 87], decis={node[30,ALOAD_2,line 90],node[25,NEW,line 88]}, covered=true, coveredBranches={25,30}]"
org.jscience.mathematics.vector.ComplexMatrix.valueOf.104,1.0,"NodeCoverage [id=12, node[20,IF_ICMPGE,line 107], decis={node[41,ALOAD_2,line 114],node[21,ALOAD_3,line 108]}, covered=true, coveredBranches={41,21}]
NodeCoverage [id=18, node[28,IF_ICMPEQ,line 109], decis={node[34,ALOAD_2,line 112],node[29,NEW,line 110]}, covered=true, coveredBranches={29,34}]"
org.jscience.mathematics.vector.ComplexMatrix.cofactor.358,1.0,"NodeCoverage [id=1, node[2,IFEQ,line 358], decis={node[9,ALOAD_0,line 363],node[3,ILOAD_1,line 359]}, covered=true, coveredBranches={9,3}]
NodeCoverage [id=9, node[24,IF_ICMPGE,line 365], decis={node[69,ALOAD,line 377],node[25,ILOAD,line 366]}, covered=true, coveredBranches={69,25}]
NodeCoverage [id=11, node[27,IF_ICMPNE,line 366], decis={node[29,ALOAD_0,line 368],node[28,GOTO,line 367]}, covered=true, coveredBranches={28,29}]
NodeCoverage [id=22, node[53,IF_ICMPGE,line 371], decis={node[67,IINC,line 365],node[54,ILOAD,line 372]}, covered=true, coveredBranches={67,54}]
NodeCoverage [id=24, node[56,IF_ICMPNE,line 372], decis={node[58,ALOAD,line 374],node[57,GOTO,line 373]}, covered=true, coveredBranches={58,57}]"
org.jscience.mathematics.vector.Matrix.pow.344,0.5522388059701493,"NodeCoverage [id=1, node[1,IFLE,line 344], decis={node[46,ILOAD_1,line 360],node[2,INVOKESTATIC,line 345]}, covered=true, coveredBranches={46,2}]
NodeCoverage [id=4, node[4,ALOAD_0,line 347], covered=true, coveredBranches={5}]
NodeCoverage [id=8, node[5,ASTORE_2,line 347], covered=true, coveredBranches={6}]
NodeCoverage [id=9, node[6,ACONST_NULL,line 348], covered=true, coveredBranches={7}]
NodeCoverage [id=10, node[7,ASTORE_3,line 348], covered=true, coveredBranches={8}]
NodeCoverage [id=11, node[8,ILOAD_1,line 349], covered=true, coveredBranches={9}]
NodeCoverage [id=12, node[9,ICONST_1,line 349], covered=true, coveredBranches={10}]
NodeCoverage [id=13, node[10,IF_ICMPLT,line 349], decis={node[33,ALOAD_3,line 356],node[11,ILOAD_1,line 350],node[41,ASTORE,line 358]}, covered=true, coveredBranches={11,33}]
NodeCoverage [id=14, node[11,ILOAD_1,line 350], covered=true, coveredBranches={12}]
NodeCoverage [id=15, node[12,ICONST_1,line 350], covered=true, coveredBranches={13}]
NodeCoverage [id=16, node[13,IAND,line 350], covered=true, coveredBranches={14}]
NodeCoverage [id=17, node[14,ICONST_1,line 350], covered=true, coveredBranches={15}]
NodeCoverage [id=18, node[15,IF_ICMPNE,line 350], decis={node[24,ALOAD_2,line 353],node[16,ALOAD_3,line 351],node[41,ASTORE,line 358]}, covered=true, coveredBranches={16,24}]
NodeCoverage [id=19, node[16,ALOAD_3,line 351], covered=true, coveredBranches={17}]
NodeCoverage [id=20, node[17,IFNONNULL,line 351], decis={node[20,ALOAD_3,line 351],node[18,ALOAD_2,line 351],node[41,ASTORE,line 358]}, covered=true, coveredBranches={18,20}]
NodeCoverage [id=21, node[18,ALOAD_2,line 351], covered=true, coveredBranches={19}]
NodeCoverage [id=22, node[19,GOTO,line 351], covered=true, coveredBranches={23}]
NodeCoverage [id=23, node[23,ASTORE_3,line 351], covered=true, coveredBranches={24}]
NodeCoverage [id=24, node[24,ALOAD_2,line 353], covered=true, coveredBranches={25}]
NodeCoverage [id=25, node[25,ALOAD_2,line 353], covered=true, coveredBranches={26}]
NodeCoverage [id=27, node[27,ASTORE_2,line 353], covered=true, coveredBranches={28}]
NodeCoverage [id=28, node[28,ILOAD_1,line 354], covered=true, coveredBranches={29}]
NodeCoverage [id=29, node[29,ICONST_1,line 354], covered=true, coveredBranches={30}]
NodeCoverage [id=30, node[30,IUSHR,line 354], covered=true, coveredBranches={31}]
NodeCoverage [id=31, node[31,ISTORE_1,line 354], covered=true, coveredBranches={32}]
NodeCoverage [id=32, node[32,GOTO,line 354], covered=true, coveredBranches={8}]
NodeCoverage [id=33, node[20,ALOAD_3,line 351], covered=true, coveredBranches={21}]
NodeCoverage [id=34, node[21,ALOAD_2,line 351], covered=true, coveredBranches={22}]
NodeCoverage [id=36, node[33,ALOAD_3,line 356], covered=true, coveredBranches={34}]
NodeCoverage [id=38, node[35,CHECKCAST,line 356], covered=true, coveredBranches={36}]
NodeCoverage [id=39, node[36,ASTORE,line 356], covered=true, coveredBranches={37}]
NodeCoverage [id=43, node[47,IFNE,line 360], decis={node[53,ALOAD_0,line 363],node[48,ALOAD_0,line 361]}, covered=true, coveredBranches={48,53}]"
org.jscience.mathematics.vector.DenseMatrix.valueOf.74,1.0,"NodeCoverage [id=4, node[16,IF_ICMPGE,line 77], decis={node[37,ALOAD_3,line 83],node[17,ALOAD_0,line 78]}, covered=true, coveredBranches={17,37}]
NodeCoverage [id=10, node[25,IF_ICMPEQ,line 79], decis={node[30,ALOAD_3,line 81],node[26,NEW,line 80]}, covered=true, coveredBranches={26,30}]"
org.jscience.mathematics.vector.DenseMatrix.valueOf.96,1.0,"NodeCoverage [id=6, node[16,IF_ICMPGE,line 98], decis={node[37,ALOAD_2,line 105],node[17,ALOAD_0,line 99]}, covered=true, coveredBranches={37,17}]
NodeCoverage [id=10, node[24,IF_ICMPEQ,line 100], decis={node[30,ALOAD_2,line 103],node[25,NEW,line 101]}, covered=true, coveredBranches={30,25}]"
org.jscience.mathematics.vector.DenseMatrix.valueOf.118,1.0,"NodeCoverage [id=12, node[20,IF_ICMPGE,line 121], decis={node[41,ALOAD_2,line 128],node[21,ALOAD_3,line 122]}, covered=true, coveredBranches={41,21}]
NodeCoverage [id=18, node[28,IF_ICMPEQ,line 123], decis={node[34,ALOAD_2,line 126],node[29,NEW,line 124]}, covered=true, coveredBranches={29,34}]"
org.jscience.mathematics.vector.DenseMatrix.cofactor.373,1.0,"NodeCoverage [id=1, node[2,IFEQ,line 373], decis={node[9,ALOAD_0,line 378],node[3,ILOAD_1,line 374]}, covered=true, coveredBranches={3,9}]
NodeCoverage [id=9, node[24,IF_ICMPGE,line 380], decis={node[63,ALOAD,line 392],node[25,ILOAD,line 381]}, covered=true, coveredBranches={63,25}]
NodeCoverage [id=11, node[27,IF_ICMPNE,line 381], decis={node[29,ALOAD_0,line 383],node[28,GOTO,line 382]}, covered=true, coveredBranches={29,28}]
NodeCoverage [id=22, node[47,IF_ICMPGE,line 386], decis={node[61,IINC,line 380],node[48,ILOAD,line 387]}, covered=true, coveredBranches={48,61}]
NodeCoverage [id=24, node[50,IF_ICMPNE,line 387], decis={node[52,ALOAD,line 389],node[51,GOTO,line 388]}, covered=true, coveredBranches={52,51}]"
org.jscience.physics.amount.Amount.plus.424,0.3,"NodeCoverage [id=5, node[11,IFEQ,line 426], decis={node[38,ALOAD_0,line 433],node[12,ALOAD_2,line 426]}, covered=true, coveredBranches={38}]
NodeCoverage [id=7, node[14,IFEQ,line 426], decis={node[38,ALOAD_0,line 433],node[15,ALOAD_0,line 427]}, covered=false, coveredBranches={}]
NodeCoverage [id=9, node[33,IFNE,line 430], decis={node[38,ALOAD_0,line 433],node[34,ALOAD_3,line 431]}, covered=false, coveredBranches={}]
NodeCoverage [id=14, node[57,IFGE,line 436], decis={node[62,DLOAD,line 436],node[58,DLOAD,line 436]}, covered=true, coveredBranches={62}]
NodeCoverage [id=17, node[70,IFGE,line 437], decis={node[75,DLOAD,line 437],node[71,DLOAD,line 437]}, covered=true, coveredBranches={75}]"
org.jscience.physics.amount.Amount.minus.451,0.3,"NodeCoverage [id=5, node[11,IFEQ,line 453], decis={node[38,ALOAD_0,line 460],node[12,ALOAD_2,line 453]}, covered=true, coveredBranches={38}]
NodeCoverage [id=7, node[14,IFEQ,line 453], decis={node[38,ALOAD_0,line 460],node[15,ALOAD_0,line 454]}, covered=false, coveredBranches={}]
NodeCoverage [id=9, node[33,IFNE,line 457], decis={node[38,ALOAD_0,line 460],node[34,ALOAD_3,line 458]}, covered=false, coveredBranches={}]
NodeCoverage [id=14, node[57,IFGE,line 463], decis={node[62,DLOAD,line 463],node[58,DLOAD,line 463]}, covered=true, coveredBranches={62}]
NodeCoverage [id=17, node[70,IFGE,line 464], decis={node[75,DLOAD,line 464],node[71,DLOAD,line 464]}, covered=true, coveredBranches={75}]"
org.jscience.physics.amount.Amount.times.476,0.25,"NodeCoverage [id=3, node[6,IFEQ,line 477], decis={node[28,ALOAD_3,line 483],node[7,ALOAD_0,line 478]}, covered=true, coveredBranches={7}]
NodeCoverage [id=5, node[23,IFNE,line 480], decis={node[28,ALOAD_3,line 483],node[24,ALOAD_3,line 481]}, covered=true, coveredBranches={24}]
NodeCoverage [id=10, node[35,IFLE,line 484], decis={node[42,ALOAD_0,line 484],node[36,ALOAD_0,line 484]}, covered=false, coveredBranches={}]
NodeCoverage [id=13, node[52,IFLE,line 485], decis={node[59,ALOAD_0,line 485],node[53,ALOAD_0,line 485]}, covered=false, coveredBranches={}]"
org.jscience.physics.amount.Amount.times.514,0.0,"NodeCoverage [id=3, node[8,IFEQ,line 515], decis={node[19,ALOAD_2,line 520],node[9,ALOAD_0,line 516]}, covered=false, coveredBranches={}]
NodeCoverage [id=10, node[26,IFLT,line 522], decis={node[76,ALOAD_0,line 533],node[27,ALOAD_1,line 523]}, covered=false, coveredBranches={}]
NodeCoverage [id=12, node[31,IFLT,line 523], decis={node[45,ALOAD_1,line 526],node[32,ALOAD_0,line 524]}, covered=false, coveredBranches={}]
NodeCoverage [id=15, node[197,IFGE,line 559], decis={node[202,DLOAD,line 559],node[198,DLOAD,line 559]}, covered=false, coveredBranches={}]
NodeCoverage [id=18, node[210,IFGE,line 560], decis={node[215,DLOAD,line 560],node[211,DLOAD,line 560]}, covered=false, coveredBranches={}]
NodeCoverage [id=24, node[49,IFGE,line 526], decis={node[63,ALOAD_0,line 530],node[50,ALOAD_0,line 527]}, covered=false, coveredBranches={}]
NodeCoverage [id=28, node[80,IFGE,line 533], decis={node[130,ALOAD_1,line 545],node[81,ALOAD_1,line 534]}, covered=false, coveredBranches={}]
NodeCoverage [id=30, node[85,IFLT,line 534], decis={node[99,ALOAD_1,line 537],node[86,ALOAD_0,line 535]}, covered=false, coveredBranches={}]
NodeCoverage [id=33, node[103,IFGE,line 537], decis={node[117,ALOAD_0,line 541],node[104,ALOAD_0,line 538]}, covered=false, coveredBranches={}]
NodeCoverage [id=37, node[134,IFLT,line 545], decis={node[148,ALOAD_1,line 548],node[135,ALOAD_0,line 546]}, covered=false, coveredBranches={}]
NodeCoverage [id=40, node[152,IFGE,line 548], decis={node[166,ALOAD_0,line 552],node[153,ALOAD_0,line 549]}, covered=false, coveredBranches={}]"
org.jscience.physics.amount.Amount.divide.600,0.16666666666666666,"NodeCoverage [id=3, node[6,IFEQ,line 601], decis={node[28,LLOAD_1,line 607],node[7,ALOAD_0,line 602]}, covered=true, coveredBranches={7}]
NodeCoverage [id=5, node[23,IFNE,line 604], decis={node[28,LLOAD_1,line 607],node[24,ALOAD_3,line 605]}, covered=true, coveredBranches={24}]
NodeCoverage [id=10, node[31,IFLE,line 607], decis={node[38,ALOAD_0,line 607],node[32,ALOAD_0,line 607]}, covered=false, coveredBranches={}]
NodeCoverage [id=13, node[47,IFLE,line 608], decis={node[54,ALOAD_0,line 608],node[48,ALOAD_0,line 608]}, covered=false, coveredBranches={}]
NodeCoverage [id=16, node[67,IFGE,line 610], decis={node[72,DLOAD,line 610],node[68,DLOAD,line 610]}, covered=false, coveredBranches={}]
NodeCoverage [id=19, node[80,IFGE,line 611], decis={node[85,DLOAD,line 611],node[81,DLOAD,line 611]}, covered=false, coveredBranches={}]"
org.jscience.physics.amount.Amount.sqrt.666,0.0,"NodeCoverage [id=4, node[8,IFEQ,line 667], decis={node[28,ALOAD_0,line 673],node[9,ALOAD_0,line 668]}, covered=false, coveredBranches={}]
NodeCoverage [id=8, node[23,IFNE,line 670], decis={node[28,ALOAD_0,line 673],node[24,ALOAD_1,line 671]}, covered=false, coveredBranches={}]
NodeCoverage [id=17, node[43,IFGE,line 676], decis={node[48,DLOAD_2,line 676],node[44,DLOAD_2,line 676]}, covered=false, coveredBranches={}]
NodeCoverage [id=20, node[56,IFGE,line 677], decis={node[61,DLOAD,line 677],node[57,DLOAD,line 677]}, covered=false, coveredBranches={}]"
org.jscience.physics.amount.Amount.root.689,0.5625,"NodeCoverage [id=1, node[1,IFNE,line 689], decis={node[7,ILOAD_1,line 691],node[2,NEW,line 690]}, covered=true, coveredBranches={7}]
NodeCoverage [id=6, node[8,IFGE,line 691], decis={node[15,ILOAD_1,line 693],node[9,ALOAD_0,line 692]}, covered=true, coveredBranches={9,15}]
NodeCoverage [id=12, node[17,IF_ICMPNE,line 693], decis={node[21,ALOAD_0,line 695],node[18,ALOAD_0,line 694]}, covered=true, coveredBranches={21,18}]
NodeCoverage [id=20, node[29,IFEQ,line 696], decis={node[64,ALOAD_0,line 706],node[30,ALOAD_0,line 697]}, covered=true, coveredBranches={30}]
NodeCoverage [id=25, node[48,IF_ICMPGE,line 700], decis={node[55,LLOAD,line 703],node[49,LLOAD,line 701]}, covered=true, coveredBranches={49,55}]
NodeCoverage [id=28, node[59,IFNE,line 703], decis={node[64,ALOAD_0,line 706],node[60,ALOAD_2,line 704]}, covered=true, coveredBranches={60}]
NodeCoverage [id=37, node[87,IFGE,line 709], decis={node[92,DLOAD_3,line 709],node[88,DLOAD_3,line 709]}, covered=false, coveredBranches={}]
NodeCoverage [id=40, node[100,IFGE,line 710], decis={node[105,DLOAD,line 710],node[101,DLOAD,line 710]}, covered=false, coveredBranches={}]"
